Workbook

Sheet 📦 Ürün Kâr Analizi
A1: META ADS — NET KÂR HESAPLAYICI
A2: Mavi hücreler = giriş alanı | Siyah hücreler = otomatik hesaplanır | Altın hücreler = kritik sonuçlar
B4: ⚙️ ÜRÜN MALİYET BİLGİLERİ
B5: Alan | C5: Değer | D5: Birim | E5: Açıklama
B6: Satış Fiyatı | C6: 299 | D6: TL | G6: KDV dahil son satış fiyatı
B7: Ürün Maliyeti | C7: 80 | D7: TL | G7: Tedarik / üretim maliyeti
B8: Kargo Gideri | C8: 25 | D8: TL | G8: Gönderi başına kargo ücreti
B9: Paketleme | C9: 5 | D9: TL | G9: Kutu, bant, dolgu malzemesi
B10: İade Oranı | C10: 0.05 | D10: % | G10: Örn: 0.05 = %5 iade
B11: Ödeme Komisyonu | C11: 0.025 | D11: % | G11: iyzico/Stripe/Masterpass vs. Örn: 0.025 = %2,5
B12: İade İşlem Gid. | C12: 15 | D12: TL | G12: İade başına operasyonel maliyet
B14: 📊 OTOMATİK HESAPLAMALAR
B15: Kalem | C15: Tutar (TL) | D15: Açıklama
B16: Ödeme Komisyonu (TL) | C16: =C6*C11 -> 7.475 | D16: Satış fiyatı × komisyon oranı
B17: İade Maliyeti (TL) | C17: =C10*(C7+C12) -> 4.75 | D17: İade edilen ürün maliyeti + işlem gideri
B18: Toplam Değişken Maliyet | C18: =C7+C8+C9+C16+C17 -> 122.225 | D18: Tüm değişken giderler toplamı
B19: Brüt Kâr (Reklamsız) | C19: =C6-C18 -> 176.775 | D19: Reklamdan önce bir satıştan kalan
B20: Brüt Kâr Marjı (%) | C20: =C19/C6 -> 0.59122074 | D20: Ne kadarı kâr — hedef >%25
B21: BAŞABAŞ ROAS | C21: =IF(C19<=0,"-",C6/C19) -> 1.6914156 | D21: Bu ROAS altında zarar edersin!
B22: Hedef ROAS (%20 net kâr için) | C22: =IF(C19<=0,"-",(C6)/(C19-C6*0.2)) -> 2.5561017 | D22: Net %20 kâr için gereken minimum ROAS

Sheet 🎯 Kampanya Hesaplayıcı
A1: KAMPANYA BAZLI NET KÂR ANALİZİ
A2: Başabaş ROAS & Net Kâr referansı: '📦 Ürün Kâr Analizi' sayfasından otomatik alınır
B4: Kampanya Adı | C4: Reklam Harcaması (TL) | D4: Tıklama Sayısı | E4: Dönüşüm (Satış) | F4: Toplam Gelir (TL) | G4: ROAS | H4: Net Kâr (TL) | I4: Durum
B5: Kampanya 1 | C5: 1000 | D5: 450 | E5: 18 | F5: 5382 | G5: =IF(F5=0,"-",F5/C5) -> 5.382 | H5: =IF(C5=0,"-",E5*'📦 Ürün Kâr Analizi'!C19-C5) -> 2181.95 | I5: =IF(C5=0,"",IF(G5>='📦 Ürün Kâr Analizi'!C21,"✅ Kârlı","❌ Zararlı")) -> ✅ Kârlı
B6: Kampanya 2 | G6: =IF(F6=0,"-",F6/C6) -> - | H6: =IF(C6=0,"-",E6*'📦 Ürün Kâr Analizi'!C19-C6) -> - | I6: =IF(C6=0,"",IF(G6>='📦 Ürün Kâr Analizi'!C21,"✅ Kârlı","❌ Zararlı"))
B7: Kampanya 3 | G7: =IF(F7=0,"-",F7/C7) -> - | H7: =IF(C7=0,"-",E7*'📦 Ürün Kâr Analizi'!C19-C7) -> - | I7: =IF(C7=0,"",IF(G7>='📦 Ürün Kâr Analizi'!C21,"✅ Kârlı","❌ Zararlı"))
B8: Kampanya 4 | G8: =IF(F8=0,"-",F8/C8) -> - | H8: =IF(C8=0,"-",E8*'📦 Ürün Kâr Analizi'!C19-C8) -> - | I8: =IF(C8=0,"",IF(G8>='📦 Ürün Kâr Analizi'!C21,"✅ Kârlı","❌ Zararlı"))
B9: Kampanya 5 | G9: =IF(F9=0,"-",F9/C9) -> - | H9: =IF(C9=0,"-",E9*'📦 Ürün Kâr Analizi'!C19-C9) -> - | I9: =IF(C9=0,"",IF(G9>='📦 Ürün Kâr Analizi'!C21,"✅ Kârlı","❌ Zararlı"))
B10: Kampanya 6 | G10: =IF(F10=0,"-",F10/C10) -> - | H10: =IF(C10=0,"-",E10*'📦 Ürün Kâr Analizi'!C19-C10) -> - | I10: =IF(C10=0,"",IF(G10>='📦 Ürün Kâr Analizi'!C21,"✅ Kârlı","❌ Zararlı"))
B11: Kampanya 7 | G11: =IF(F11=0,"-",F11/C11) -> - | H11: =IF(C11=0,"-",E11*'📦 Ürün Kâr Analizi'!C19-C11) -> - | I11: =IF(C11=0,"",IF(G11>='📦 Ürün Kâr Analizi'!C21,"✅ Kârlı","❌ Zararlı"))
B12: Kampanya 8 | G12: =IF(F12=0,"-",F12/C12) -> - | H12: =IF(C12=0,"-",E12*'📦 Ürün Kâr Analizi'!C19-C12) -> - | I12: =IF(C12=0,"",IF(G12>='📦 Ürün Kâr Analizi'!C21,"✅ Kârlı","❌ Zararlı"))
B13: Kampanya 9 | G13: =IF(F13=0,"-",F13/C13) -> - | H13: =IF(C13=0,"-",E13*'📦 Ürün Kâr Analizi'!C19-C13) -> - | I13: =IF(C13=0,"",IF(G13>='📦 Ürün Kâr Analizi'!C21,"✅ Kârlı","❌ Zararlı"))
B14: Kampanya 10 | G14: =IF(F14=0,"-",F14/C14) -> - | H14: =IF(C14=0,"-",E14*'📦 Ürün Kâr Analizi'!C19-C14) -> - | I14: =IF(C14=0,"",IF(G14>='📦 Ürün Kâr Analizi'!C21,"✅ Kârlı","❌ Zararlı"))
B16: TOPLAM / ORTALAMA | C16: =SUM(C5:C14) -> 1000 | D16: =SUM(D5:D14) -> 450 | E16: =SUM(E5:E14) -> 18 | F16: =SUM(F5:F14) -> 5382 | G16: =IF(C16=0,"-",F16/C16) -> 5.382 | H16: =SUM(H5:H14) -> 2181.95

Sheet 🎯 Hedef Planlayıcı
A1: HEDEF BAZLI KAMPANYA PLANLAYICI
A2: Elde etmek istediğin kârı gir → gerekli reklam bütçesi & satış hedefi otomatik hesaplanır
B4: 🎯 HEDEFLERİNİ GİR
B5: Alan | C5: Değer | D5: Birim | E5: Açıklama
B6: Bu Ayın Kâr Hedefi (TL) | C6: 10000
B7: Hedeflenen Dönüşüm Oranı (%) | C7: 0.04
B8: Ortalama CPC (TL) | C8: 1.2
B10: 📐 OTOMATİK HESAPLAMALAR
B11: Hesaplama | C11: Sonuç | D11: Nasıl Hesaplandı?
B12: Hedef Satış Adedi | C12: =CEILING(C6/'📦 Ürün Kâr Analizi'!C19,1) -> 57 | D12: Hedef kâr ÷ satış başı brüt kâr
B13: Gereken Toplam Trafik | C13: =CEILING(C12/C7,1) -> 1425 | D13: Hedef satış ÷ dönüşüm oranı
B14: Tahmini Reklam Bütçesi | C14: =C13*C8 -> 1710 | D14: Gereken trafik × ortalama CPC
B15: Hedef ROAS | C15: =IF(C14=0,"-",(C12*'📦 Ürün Kâr Analizi'!C6)/C14) -> 9.9666667 | D15: Beklenen gelir ÷ reklam harcaması
B16: CPO (Satış Başı Maliyet) | C16: =IF(C12=0,"-",C14/C12) -> 30 | D16: Reklam bütçesi ÷ satış adedi
B17: Günlük Bütçe Hedefi | C17: =C14/30 -> 57 | D17: Aylık bütçe ÷ 30 gün
