Workbook

Sheet ⚙️ Varsayımlar
A1: MÜŞTERİ YAŞAM BOYU DEĞERİ (LTV) & CAC ANALİZİ
A2: Dijital pazarlamacıların en önemli ama en az ölçtüğü metrik. LTV:CAC > 3 = sağlıklı büyüme.
A4: 💼 İŞ MODELİ VARSAYIMLARI
B5: Alan | C5: Değer | D5: Birim | E5: Açıklama
B6: Ortalama Sipariş Tutarı (AOV) | C6: 350 | D6: TL | E6: Sepet ortalaması
B7: Brüt Kâr Marjı | C7: 0.42 | D7: % | E7: Tüm değişken maliyetler düşüldükten sonra
B8: Aylık Tekrar Satın Alma Oranı | C8: 0.15 | D8: % | E8: Her ay tekrar satın alan müşteri oranı
B9: Ortalama Müşteri Ömrü | C9: 18 | D9: Ay | E9: Müşteri kaçıncı ayda churn eder (ortalama)
B10: Müşteri Başı Aylık Destek Maliyeti | C10: 8 | D10: TL | E10: CS, kargo sorunları, iadelerin payı
B11: İndirim Oranı (Yıllık) | C11: 0.1 | D11: % | E11: Paranın zaman değeri / fırsat maliyeti
B12: Aylık Yeni Müşteri Hedefi | C12: 200 | D12: Kişi | E12: Bu ay kaç yeni müşteri edinmeyi hedefliyoruz
A14: 📢 KANAL BAZLI CAC (MÜŞTERİ EDİNME MALİYETİ)
B15: Kanal | C15: Reklam Harcaması (₺) | D15: Yeni Müşteri Sayısı | E15: CAC (₺) | F15: LTV:CAC Oranı
B16: Meta Ads | C16: 15000 | D16: 120 | E16: =IF(D16=0,"-",C16/D16) -> 125 | F16: =IF(E16=0,"-",'📊 LTV Hesaplama'!C4/E16) -> 0
B17: Google Ads (Arama) | C17: 12000 | D17: 95 | E17: =IF(D17=0,"-",C17/D17) -> 126.31579 | F17: =IF(E17=0,"-",'📊 LTV Hesaplama'!C4/E17) -> 0
B18: Google Ads (Diğer) | C18: 5000 | D18: 25 | E18: =IF(D18=0,"-",C18/D18) -> 200 | F18: =IF(E18=0,"-",'📊 LTV Hesaplama'!C4/E18) -> 0
B19: TikTok Ads | C19: 5000 | D19: 40 | E19: =IF(D19=0,"-",C19/D19) -> 125 | F19: =IF(E19=0,"-",'📊 LTV Hesaplama'!C4/E19) -> 0
B20: Organik / SEO | C20: 3000 | D20: 55 | E20: =IF(D20=0,"-",C20/D20) -> 54.545455 | F20: =IF(E20=0,"-",'📊 LTV Hesaplama'!C4/E20) -> 0
B21: Influencer | C21: 6000 | D21: 38 | E21: =IF(D21=0,"-",C21/D21) -> 157.89474 | F21: =IF(E21=0,"-",'📊 LTV Hesaplama'!C4/E21) -> 0
B22: E-posta / Referral | C22: 2000 | D22: 70 | E22: =IF(D22=0,"-",C22/D22) -> 28.571429 | F22: =IF(E22=0,"-",'📊 LTV Hesaplama'!C4/E22) -> 0

Sheet 📊 LTV Hesaplama
A1: MÜŞTERİ YAŞAM BOYU DEĞERİ — OTOMATİK HESAPLAMA
A2: Varsayımlar sayfasındaki değerlerden otomatik hesaplanır. Birden fazla LTV modeli içerir.
A4: 📐 LTV MODELLERİ — KARŞILAŞTIRMALI
B6: Model | C6: LTV (₺) | D6: Açıklama
B7: Model 1 — Basit LTV | C7: ='⚙️ Varsayımlar'!C6*'⚙️ Varsayımlar'!C7*'⚙️ Varsayımlar'!C9 -> 2646 | D7: AOV × Kâr Marjı × Ortalama Ömür (ay) En basit ve yaygın model. Genel bakış için.
B8: Model 2 — Tekrar Satın Alma Dahil | C8: ='⚙️ Varsayımlar'!C6*'⚙️ Varsayımlar'!C7*(1+(('⚙️ Varsayımlar'!C8-0)*'⚙️ Varsayımlar'!C9)) -> 543.9 | D8: Aylık tekrar alım oranı dahil — e-ticaret için daha gerçekçi
B9: Model 3 — Destek Maliyeti Düşülmüş | C9: =('⚙️ Varsayımlar'!C6*'⚙️ Varsayımlar'!C7-'⚙️ Varsayımlar'!C10)*'⚙️ Varsayımlar'!C9 -> 2502 | D9: Müşteri hizmetleri maliyeti düşülür — gerçek kâr bazlı LTV
B10: Model 4 — İndirimli (Gerçekçi) LTV | C10: =('⚙️ Varsayımlar'!C6*'⚙️ Varsayımlar'!C7-'⚙️ Varsayımlar'!C10)*(1-POWER(1+'⚙️ Varsayımlar'!C11/12,-'⚙️ Varsayımlar'!C9))/('⚙️ Varsayımlar'!C11/12) -> 2314.4648 | D10: Paranın zaman değerini hesaba katar. CFO raporları için.
A12: ⭐ ÖNERİLEN LTV (Model 3 — Dengeli)
B13: =('⚙️ Varsayımlar'!C6*'⚙️ Varsayımlar'!C7-'⚙️ Varsayımlar'!C10)*'⚙️ Varsayımlar'!C9 -> 2502 | D13: Bu değeri CAC ile karşılaştır: LTV:CAC > 3 → Sağlıklı büyüme LTV:CAC 1-3 → Dikkat et LTV:CAC < 1 → Sürdürülemez
A16: 📅 MÜŞTERİ ÖMRÜ BOYUNCA KÜMÜLATIF LTV GELİŞİMİ
B17: Ay | C17: Aylık Gelir (₺) | D17: Aylık Kâr (₺) | E17: Kümülatif Kâr (₺) | F17: CAC Kurtarıldı mı? | G17: Kalan Bütçe
B18: 1. Ay | C18: ='⚙️ Varsayımlar'!C6*(1+('⚙️ Varsayımlar'!C8*0)) -> 350 | D18: =C18*'⚙️ Varsayımlar'!C7-'⚙️ Varsayımlar'!C10 -> 139 | E18: =D18 -> 139 | F18: =IF(E18>=100,"✅ CAC Kurtarıldı","⏳ Devam ediyor") -> ✅ CAC Kurtarıldı | G18: =MAX(0,100-E18) -> 0
B19: 2. Ay | C19: ='⚙️ Varsayımlar'!C6*(1+('⚙️ Varsayımlar'!C8*1)) -> 402.5 | D19: =C19*'⚙️ Varsayımlar'!C7-'⚙️ Varsayımlar'!C10 -> 161.05 | E19: =E18+D19 -> 300.05 | F19: =IF(E19>=100,"✅ CAC Kurtarıldı","⏳ Devam ediyor") -> ✅ CAC Kurtarıldı | G19: =MAX(0,100-E19) -> 0
B20: 3. Ay | C20: ='⚙️ Varsayımlar'!C6*(1+('⚙️ Varsayımlar'!C8*2)) -> 455 | D20: =C20*'⚙️ Varsayımlar'!C7-'⚙️ Varsayımlar'!C10 -> 183.1 | E20: =E19+D20 -> 483.15 | F20: =IF(E20>=100,"✅ CAC Kurtarıldı","⏳ Devam ediyor") -> ✅ CAC Kurtarıldı | G20: =MAX(0,100-E20) -> 0
B21: 4. Ay | C21: ='⚙️ Varsayımlar'!C6*(1+('⚙️ Varsayımlar'!C8*3)) -> 507.5 | D21: =C21*'⚙️ Varsayımlar'!C7-'⚙️ Varsayımlar'!C10 -> 205.15 | E21: =E20+D21 -> 688.3 | F21: =IF(E21>=100,"✅ CAC Kurtarıldı","⏳ Devam ediyor") -> ✅ CAC Kurtarıldı | G21: =MAX(0,100-E21) -> 0
B22: 5. Ay | C22: ='⚙️ Varsayımlar'!C6*(1+('⚙️ Varsayımlar'!C8*4)) -> 560 | D22: =C22*'⚙️ Varsayımlar'!C7-'⚙️ Varsayımlar'!C10 -> 227.2 | E22: =E21+D22 -> 915.5 | F22: =IF(E22>=100,"✅ CAC Kurtarıldı","⏳ Devam ediyor") -> ✅ CAC Kurtarıldı | G22: =MAX(0,100-E22) -> 0
B23: 6. Ay | C23: ='⚙️ Varsayımlar'!C6*(1+('⚙️ Varsayımlar'!C8*5)) -> 612.5 | D23: =C23*'⚙️ Varsayımlar'!C7-'⚙️ Varsayımlar'!C10 -> 249.25 | E23: =E22+D23 -> 1164.75 | F23: =IF(E23>=100,"✅ CAC Kurtarıldı","⏳ Devam ediyor") -> ✅ CAC Kurtarıldı | G23: =MAX(0,100-E23) -> 0
B24: 7. Ay | C24: ='⚙️ Varsayımlar'!C6*(1+('⚙️ Varsayımlar'!C8*6)) -> 665 | D24: =C24*'⚙️ Varsayımlar'!C7-'⚙️ Varsayımlar'!C10 -> 271.3 | E24: =E23+D24 -> 1436.05 | F24: =IF(E24>=100,"✅ CAC Kurtarıldı","⏳ Devam ediyor") -> ✅ CAC Kurtarıldı | G24: =MAX(0,100-E24) -> 0
B25: 8. Ay | C25: ='⚙️ Varsayımlar'!C6*(1+('⚙️ Varsayımlar'!C8*7)) -> 717.5 | D25: =C25*'⚙️ Varsayımlar'!C7-'⚙️ Varsayımlar'!C10 -> 293.35 | E25: =E24+D25 -> 1729.4 | F25: =IF(E25>=100,"✅ CAC Kurtarıldı","⏳ Devam ediyor") -> ✅ CAC Kurtarıldı | G25: =MAX(0,100-E25) -> 0
B26: 9. Ay | C26: ='⚙️ Varsayımlar'!C6*(1+('⚙️ Varsayımlar'!C8*8)) -> 770 | D26: =C26*'⚙️ Varsayımlar'!C7-'⚙️ Varsayımlar'!C10 -> 315.4 | E26: =E25+D26 -> 2044.8 | F26: =IF(E26>=100,"✅ CAC Kurtarıldı","⏳ Devam ediyor") -> ✅ CAC Kurtarıldı | G26: =MAX(0,100-E26) -> 0
B27: 10. Ay | C27: ='⚙️ Varsayımlar'!C6*(1+('⚙️ Varsayımlar'!C8*9)) -> 822.5 | D27: =C27*'⚙️ Varsayımlar'!C7-'⚙️ Varsayımlar'!C10 -> 337.45 | E27: =E26+D27 -> 2382.25 | F27: =IF(E27>=100,"✅ CAC Kurtarıldı","⏳ Devam ediyor") -> ✅ CAC Kurtarıldı | G27: =MAX(0,100-E27) -> 0
B28: 11. Ay | C28: ='⚙️ Varsayımlar'!C6*(1+('⚙️ Varsayımlar'!C8*10)) -> 875 | D28: =C28*'⚙️ Varsayımlar'!C7-'⚙️ Varsayımlar'!C10 -> 359.5 | E28: =E27+D28 -> 2741.75 | F28: =IF(E28>=100,"✅ CAC Kurtarıldı","⏳ Devam ediyor") -> ✅ CAC Kurtarıldı | G28: =MAX(0,100-E28) -> 0
B29: 12. Ay | C29: ='⚙️ Varsayımlar'!C6*(1+('⚙️ Varsayımlar'!C8*11)) -> 927.5 | D29: =C29*'⚙️ Varsayımlar'!C7-'⚙️ Varsayımlar'!C10 -> 381.55 | E29: =E28+D29 -> 3123.3 | F29: =IF(E29>=100,"✅ CAC Kurtarıldı","⏳ Devam ediyor") -> ✅ CAC Kurtarıldı | G29: =MAX(0,100-E29) -> 0
B30: 13. Ay | C30: ='⚙️ Varsayımlar'!C6*(1+('⚙️ Varsayımlar'!C8*12)) -> 980 | D30: =C30*'⚙️ Varsayımlar'!C7-'⚙️ Varsayımlar'!C10 -> 403.6 | E30: =E29+D30 -> 3526.9 | F30: =IF(E30>=100,"✅ CAC Kurtarıldı","⏳ Devam ediyor") -> ✅ CAC Kurtarıldı | G30: =MAX(0,100-E30) -> 0
B31: 14. Ay | C31: ='⚙️ Varsayımlar'!C6*(1+('⚙️ Varsayımlar'!C8*13)) -> 1032.5 | D31: =C31*'⚙️ Varsayımlar'!C7-'⚙️ Varsayımlar'!C10 -> 425.65 | E31: =E30+D31 -> 3952.55 | F31: =IF(E31>=100,"✅ CAC Kurtarıldı","⏳ Devam ediyor") -> ✅ CAC Kurtarıldı | G31: =MAX(0,100-E31) -> 0
B32: 15. Ay | C32: ='⚙️ Varsayımlar'!C6*(1+('⚙️ Varsayımlar'!C8*14)) -> 1085 | D32: =C32*'⚙️ Varsayımlar'!C7-'⚙️ Varsayımlar'!C10 -> 447.7 | E32: =E31+D32 -> 4400.25 | F32: =IF(E32>=100,"✅ CAC Kurtarıldı","⏳ Devam ediyor") -> ✅ CAC Kurtarıldı | G32: =MAX(0,100-E32) -> 0
B33: 16. Ay | C33: ='⚙️ Varsayımlar'!C6*(1+('⚙️ Varsayımlar'!C8*15)) -> 1137.5 | D33: =C33*'⚙️ Varsayımlar'!C7-'⚙️ Varsayımlar'!C10 -> 469.75 | E33: =E32+D33 -> 4870 | F33: =IF(E33>=100,"✅ CAC Kurtarıldı","⏳ Devam ediyor") -> ✅ CAC Kurtarıldı | G33: =MAX(0,100-E33) -> 0
B34: 17. Ay | C34: ='⚙️ Varsayımlar'!C6*(1+('⚙️ Varsayımlar'!C8*16)) -> 1190 | D34: =C34*'⚙️ Varsayımlar'!C7-'⚙️ Varsayımlar'!C10 -> 491.8 | E34: =E33+D34 -> 5361.8 | F34: =IF(E34>=100,"✅ CAC Kurtarıldı","⏳ Devam ediyor") -> ✅ CAC Kurtarıldı | G34: =MAX(0,100-E34) -> 0
B35: 18. Ay | C35: ='⚙️ Varsayımlar'!C6*(1+('⚙️ Varsayımlar'!C8*17)) -> 1242.5 | D35: =C35*'⚙️ Varsayımlar'!C7-'⚙️ Varsayımlar'!C10 -> 513.85 | E35: =E34+D35 -> 5875.65 | F35: =IF(E35>=100,"✅ CAC Kurtarıldı","⏳ Devam ediyor") -> ✅ CAC Kurtarıldı | G35: =MAX(0,100-E35) -> 0
